hit_id,particle_id,tx,ty,tz,tpx,tpy,tpz
1,1099511627776,-21.6306,-23.7213,-479.854,-21.6306,-23.7213,-479.854
2,4947802324992,31.7408,5.97572,-487.122,31.7408,5.97572,-487.122
3,3298534883328,1.33999,31.4138,-361.537,1.33999,31.4138,-361.537
4,3298534883328,1.4428,33.8101,-388.135,1.4428,33.8101,-388.135
5,3573412790272,-13.8054,28.4788,-397.127,-13.8054,28.4788,-397.127
6,3573412790272,-14.2601,29.4175,-409.793,-14.2601,29.4175,-409.793
7,1030792151040,-31.3352,2.73328,-401.845,-31.3352,2.73328,-401.845
8,4810363371520,-34.316,1.38982,-344.797,-34.316,1.38982,-344.797
9,4879082848256,16.4069,-28.1639,-335.004,16.4069,-28.1639,-335.004
10,2542620639232,25.8275,19.0226,-345.653,25.8275,19.0226,-345.653
11,5016521801728,1.50661,31.9002,-283.924,1.50661,31.9002,-283.924
12,3917010173952,-31.8637,2.15505,-326.79,-31.8637,2.15505,-326.79
13,4810363371520,-31.9124,1.29193,-321.536,-31.9124,1.29193,-321.536
14,3848290697216,-20.3882,-25.0745,-218.118,-20.3882,-25.0745,-218.118
15,4054449127424,-22.1719,-24.215,-211.934,-22.1719,-24.215,-211.934
16,5291399708672,15.1029,27.6215,-230.58,15.1029,27.6215,-230.58
17,5016521801728,1.48196,31.4057,-279.721,1.48196,31.4057,-279.721
18,1855425871872,-6.69895,30.9634,-214.285,-6.69895,30.9634,-214.285
19,68719476736,-26.7211,-18.0221,-179.078,-26.7211,-18.0221,-179.078
20,4054449127424,-21.6747,-23.6719,-207.466,-21.6747,-23.6719,-207.466
21,893353197568,-15.5099,-27.9749,-152.4,-15.5099,-27.9749,-152.4
22,1374389534720,-18.1527,-26.7014,-163.961,-18.1527,-26.7014,-163.961
23,3710851743744,14.0235,-28.927,-185.97,14.0235,-28.927,-185.97
24,6322191859712,4.08328,-32.4025,-142.346,4.08328,-32.4025,-142.346
25,3710851743744,14.4858,-29.8798,-191.675,14.4858,-29.8798,-191.675
26,824633720832,22.3016,22.97,-143.001,22.3016,22.97,-143.001
27,824633720832,23.4473,24.15,-149.688,23.4473,24.15,-149.688
28,6116033429504,-7.82134,-31.0481,-125.421,-7.82134,-31.0481,-125.421
29,1992864825344,9.17626,-30.0973,-74.2966,9.17626,-30.0973,-74.2966
30,6322191859712,4.01985,-31.9001,-140.337,4.01985,-31.9001,-140.337
31,824633720832,21.9559,22.6139,-140.983,21.9559,22.6139,-140.983
32,2130303778816,-6.87831,30.9007,-117.304,-6.87831,30.9007,-117.304
33,6390911336448,-5.79961,31.2779,-106.65,-5.79961,31.2779,-106.65
34,2405181685760,-32.497,-3.81302,-42.0251,-32.497,-3.81302,-42.0251
35,1443109011456,-29.6404,-14.7538,-8.14354,-29.6404,-14.7538,-8.14354
36,5153960755200,-27.0763,-17.6245,-11.013,-27.0763,-17.6245,-11.013
37,3779571220480,-16.8975,-27.3063,-31.5208,-16.8975,-27.3063,-31.5208
38,5703716569088,-12.1631,-29.5877,-58.8625,-12.1631,-29.5877,-58.8625
39,0,-3.5291,-31.7862,-31.1112,-3.5291,-31.7862,-31.1112
40,5703716569088,-12.8504,-31.2603,-61.4677,-12.8504,-31.2603,-61.4677
41,6253472382976,19.236,-25.6368,-43.488,19.236,-25.6368,-43.488
42,2954937499648,25.789,-20.046,-42.9906,25.789,-20.046,-42.9906
43,6528350289920,30.1706,-10.9534,-44.7455,30.1706,-10.9534,-44.7455
44,1236950581248,31.4593,-9.32331,-26.9414,31.4593,-9.32331,-26.9414
45,5428838662144,31.9373,-0.849824,-15.2446,31.9373,-0.849824,-15.2446
46,5634997092352,32.0723,1.54425,-11.6291,32.0723,1.54425,-11.6291
47,6459630813184,31.4163,-10.0855,-15.5305,31.4163,-10.0855,-15.5305
48,6528350289920,31.3434,-11.3789,-45.9873,31.3434,-11.3789,-45.9873
49,1649267441664,30.647,9.10417,-38.5227,30.647,9.10417,-38.5227
50,5428838662144,34.1477,-0.908292,-15.4143,34.1477,-0.908292,-15.4143
51,5634997092352,33.27,1.60213,-11.5857,33.27,1.60213,-11.5857
52,6597069766656,29.2545,13.0868,-55.3137,29.2545,13.0868,-55.3137
53,1580547964928,22.9142,22.2842,-21.8578,22.9142,22.2842,-21.8578
54,6597069766656,30.5942,13.686,-57.2603,30.5942,13.686,-57.2603
55,1580547964928,24.3733,23.7038,-22.4351,24.3733,23.7038,-22.4351
56,4466765987840,15.5862,27.9381,-50.588,15.5862,27.9381,-50.588
57,5978594476032,16.862,27.3234,-27.6701,16.862,27.3234,-27.6701
58,618475290624,-13.2304,29.2043,-33.1732,-13.2304,29.2043,-33.1732
59,1786706395136,-7.73038,31.1273,-51.0217,-7.73038,31.1273,-51.0217
60,2336462209024,-4.07586,32.405,-48.1641,-4.07586,32.405,-48.1641
61,3023656976384,-4.20349,32.3604,-9.78413,-4.20349,32.3604,-9.78413
62,3161095929856,-13.4741,29.1191,-34.397,-13.4741,29.1191,-34.397
63,618475290624,-13.8096,30.4838,-34.066,-13.8096,30.4838,-34.066
64,2680059592704,-21.0868,23.9837,-52.7754,-21.0868,23.9837,-52.7754
65,3161095929856,-14.0189,30.2968,-35.2708,-14.0189,30.2968,-35.2708
66,3985729650688,-15.0882,29.3417,-5.16938,-15.0882,29.3417,-5.16938
67,4535485464576,-21.3877,23.715,-19.7542,-21.3877,23.715,-19.7542
68,2611340115968,-16.5224,-26.9374,30.1424,-16.5224,-26.9374,30.1424
69,5085241278464,-18.3035,-26.0791,26.8725,-18.3035,-26.0791,26.8725
70,2199023255552,7.59156,-30.6513,3.30129,7.59156,-30.6513,3.30129
71,4123168604160,13.1357,-28.7129,20.4829,13.1357,-28.7129,20.4829
72,137438953472,15.2377,-28.5443,22.0398,15.2377,-28.5443,22.0398
73,1717986918400,15.9973,-27.8658,15.3635,15.9973,-27.8658,15.3635
74,4123168604160,13.691,-29.9259,21.8888,13.691,-29.9259,21.8888
75,412316860416,27.1311,-16.1204,16.6414,27.1311,-16.1204,16.6414
76,962072674304,31.0408,-7.95169,15.5695,31.0408,-7.95169,15.5695
77,274877906944,27.9816,15.8678,7.19713,27.9816,15.8678,7.19713
78,755914244096,4.22092,31.2512,4.64356,4.22092,31.2512,4.64356
79,4741643894784,9.97675,30.9266,68.4405,9.97675,30.9266,68.4405
80,343597383680,-6.88584,30.8981,21.3707,-6.88584,30.8981,21.3707
81,687194767360,-21.5017,22.9493,64.7181,-21.5017,22.9493,64.7181
82,1511828488192,-14.6859,29.0372,9.57112,-14.6859,29.0372,9.57112
83,3092376453120,-21.3839,23.0545,61.8133,-21.3839,23.0545,61.8133
84,6803228196864,-17.985,26.0904,53.7453,-17.985,26.0904,53.7453
85,687194767360,-23.0458,24.5983,70.2861,-23.0458,24.5983,70.2861
86,3092376453120,-22.9667,24.7623,67.3379,-22.9667,24.7623,67.3379
87,4398046511104,-27.2403,15.8938,25.8958,-27.2403,15.8938,25.8958
88,3367254360064,-31.5976,-1.91956,68.8526,-31.5976,-1.91956,68.8526
89,4191888080896,-31.2185,4.80094,25.4433,-31.2185,4.80094,25.4433
90,3367254360064,-33.1266,-2.01214,72.8043,-33.1266,-2.01214,72.8043
91,3642132267008,-27.671,-16.9587,73.8281,-27.671,-16.9587,73.8281
92,3229815406592,-0.888398,-31.9351,122.606,-0.888398,-31.9351,122.606
93,3229815406592,-0.949802,-34.1622,132.05,-0.949802,-34.1622,132.05
94,5841155522560,15.3775,-29.0833,83.7042,15.3775,-29.0833,83.7042
95,5222680231936,29.277,15.1607,92.0058,29.277,15.1607,92.0058
96,4741643894784,10.134,31.4136,69.7194,10.134,31.4136,69.7194
97,4329327034368,-7.4518,31.2247,127.098,-7.4518,31.2247,127.098
98,5360119185408,-12.7892,29.3586,96.6808,-12.7892,29.3586,96.6808
99,5772436045824,-9.95873,30.3482,109.67,-9.95873,30.3482,109.67
100,5360119185408,-13.4275,30.8251,102.148,-13.4275,30.8251,102.148
101,687194767360,-23.4086,24.9858,71.5946,-23.4086,24.9858,71.5946
102,3367254360064,-32.0952,-1.94969,70.1386,-32.0952,-1.94969,70.1386
103,5909874999296,7.41626,-30.7126,193.781,7.41626,-30.7126,193.781
104,4604204941312,6.84483,31.1032,147.7,6.84483,31.1032,147.7
105,6734508720128,-15.4414,28.3623,180.064,-15.4414,28.3623,180.064
106,6184752906240,-26.7584,16.8938,201.072,-26.7584,16.8938,201.072
107,481036337152,-31.6187,6.4982,262.871,-31.6187,6.4982,262.871
108,2267742732288,-32.845,-1.31753,339.22,-32.845,-1.31753,339.22
109,5566277615616,-2.10089,-31.3708,344.194,-2.10089,-31.3708,344.194
110,2267742732288,-31.5608,-1.26627,325.453,-31.5608,-1.26627,325.453
111,4672924418048,-21.7246,-23.616,419.437,-21.7246,-23.616,419.437
112,5566277615616,-2.13387,-31.8649,349.817,-2.13387,-31.8649,349.817
113,2061584302080,29.2298,15.2135,360.745,29.2298,15.2135,360.745
114,1924145348608,5.91492,31.6516,376.297,5.91492,31.6516,376.297
115,4672924418048,-22.2438,-24.1804,429.769,-22.2438,-24.1804,429.769
116,6047313952768,10.9808,-29.4663,459.328,10.9808,-29.4663,459.328
117,3848290697216,-45.5487,-56.0244,-471.616,-45.5487,-56.0244,-471.616
118,4054449127424,-49.2384,-53.7763,-455.119,-49.2384,-53.7763,-455.119
119,1855425871872,-15.1204,69.9504,-467.937,-15.1204,69.9504,-467.937
120,1855425871872,-15.4944,71.6816,-479.201,-15.4944,71.6816,-479.201
121,68719476736,-58.9455,-39.7538,-379.673,-58.9455,-39.7538,-379.673
122,68719476736,-60.5526,-40.8375,-389.676,-60.5526,-40.8375,-389.676
123,1374389534720,-41.1801,-60.5849,-355.831,-41.1801,-60.5849,-355.831
124,3710851743744,31.5072,-64.9692,-401.785,31.5072,-64.9692,-401.785
125,1374389534720,-40.2676,-59.2421,-348.227,-40.2676,-59.2421,-348.227
126,893353197568,-35.1063,-63.3353,-328.902,-35.1063,-63.3353,-328.902
127,6322191859712,9.01138,-71.4336,-298.435,9.01138,-71.4336,-298.435
128,824633720832,49.8544,51.3488,-303.818,49.8544,51.3488,-303.818
129,824633720832,51.1062,52.6382,-311.125,51.1062,52.6382,-311.125
130,6116033429504,-17.4225,-69.1909,-263.818,-17.4225,-69.1909,-263.818
131,6390911336448,-12.9632,69.9647,-222.72,-12.9632,69.9647,-222.72
132,2130303778816,-15.7918,70.9978,-252.894,-15.7918,70.9978,-252.894
133,6390911336448,-13.3633,72.1249,-229.201,-13.3633,72.1249,-229.201
134,1992864825344,21.0771,-69.0907,-153.998,21.0771,-69.0907,-153.998
135,2405181685760,-71.0833,-8.3558,-76.7485,-71.0833,-8.3558,-76.7485
136,5703716569088,-27.0294,-65.7643,-115.207,-27.0294,-65.7643,-115.207
137,5703716569088,-27.7749,-67.5784,-118.033,-27.7749,-67.5784,-118.033
138,6253472382976,43.3773,-57.7909,-81.9974,43.3773,-57.7909,-81.9974
139,2954937499648,56.4652,-43.8737,-78.9006,56.4652,-43.8737,-78.9006
140,6528350289920,68.0576,-24.6985,-84.8623,68.0576,-24.6985,-84.8623
141,1649267441664,68.826,20.4712,-70.5744,68.826,20.4712,-70.5744
142,6597069766656,66.3225,29.6545,-109.169,66.3225,29.6545,-109.169
143,4466765987840,35.057,62.8261,-97.7773,35.057,62.8261,-97.7773
144,2336462209024,-8.91177,70.9483,-90.2293,-8.91177,70.9483,-90.2293
145,1786706395136,-17.4294,70.2378,-99.0471,-17.4294,70.2378,-99.0471
146,2680059592704,-47.1635,53.6739,-102.252,-47.1635,53.6739,-102.252
147,1443109011456,-64.9788,-32.3335,-2.6017,-64.9788,-32.3335,-2.6017
148,5153960755200,-60.0456,-39.0871,-8.84737,-60.0456,-39.0871,-8.84737
149,5153960755200,-61.8851,-40.2847,-8.72654,-61.8851,-40.2847,-8.72654
150,3779571220480,-38.4346,-62.1171,-55.4043,-38.4346,-62.1171,-55.4043
151,0,-7.97639,-71.9395,-54.2587,-7.97639,-71.9395,-54.2587
152,1236950581248,69.2128,-20.4991,-43.9181,69.2128,-20.4991,-43.9181
153,6459630813184,68.8783,-22.6466,-18.8106,68.8783,-22.6466,-18.8106
154,5428838662144,71.6854,-1.90342,-18.2975,71.6854,-1.90342,-18.2975
155,5634997092352,72.7691,3.51043,-10.1552,72.7691,3.51043,-10.1552
156,1649267441664,69.3055,20.6141,-70.977,69.3055,20.6141,-70.977
157,1580547964928,51.3558,49.9681,-33.1129,51.3558,49.9681,-33.1129
158,1580547964928,52.9463,51.5171,-33.7425,52.9463,51.5171,-33.7425
159,5978594476032,38.3686,62.1412,-46.6295,38.3686,62.1412,-46.6295
160,3023656976384,-9.26113,71.373,-6.15999,-9.26113,71.373,-6.15999
161,618475290624,-30.1474,66.5756,-59.25,-30.1474,66.5756,-59.25
162,3161095929856,-30.6423,66.2141,-61.9203,-30.6423,66.2141,-61.9203
163,4535485464576,-48.114,53.3718,-28.4594,-48.114,53.3718,-28.4594
164,2199023255552,17.4144,-70.2447,24.0929,17.4144,-70.2447,24.0929
165,137438953472,33.8258,-63.2756,64.4463,33.8258,-63.2756,64.4463
166,1717986918400,35.5953,-61.9831,49.8407,35.5953,-61.9831,49.8407
167,4123168604160,30.1754,-65.942,63.6324,30.1754,-65.942,63.6324
168,412316860416,62.1478,-36.9102,54.6157,62.1478,-36.9102,54.6157
169,962072674304,69.1481,-17.6973,50.3755,69.1481,-17.6973,50.3755
170,274877906944,62.2117,35.2823,31.6417,62.2117,35.2823,31.6417
171,755914244096,9.66988,71.5149,27.1013,9.66988,71.5149,27.1013
172,343597383680,-15.8129,70.988,65.687,-15.8129,70.988,65.687
173,1511828488192,-32.4815,64.2576,36.6879,-32.4815,64.2576,36.6879
174,3985729650688,-32.8806,63.966,3.82248,-32.8806,63.966,3.82248
175,5085241278464,-41.1669,-58.6942,76.4724,-41.1669,-58.6942,76.4724
176,2611340115968,-38.1583,-62.2182,86.3882,-38.1583,-62.2182,86.3882
177,6803228196864,-40.6082,58.9345,137.483,-40.6082,58.9345,137.483
178,4398046511104,-62.774,36.6397,76.3753,-62.774,36.6397,76.3753
179,4191888080896,-72.0699,11.092,75.4885,-72.0699,11.092,75.4885
180,3367254360064,-72.0513,-4.36857,173.407,-72.0513,-4.36857,173.407
181,3642132267008,-60.7762,-37.2475,177.491,-60.7762,-37.2475,177.491
182,5841155522560,33.5719,-63.461,197.796,33.5719,-63.461,197.796
183,4741643894784,22.0927,68.4635,167.013,22.0927,68.4635,167.013
184,687194767360,-48.7035,51.9994,162.809,-48.7035,51.9994,162.809
185,3092376453120,-48.4584,52.2659,156.312,-48.4584,52.2659,156.312
186,6803228196864,-41.3436,60.0022,140.205,-41.3436,60.0022,140.205
187,5222680231936,64.2817,33.2878,217.266,64.2817,33.2878,217.266
188,5360119185408,-28.5705,65.6129,231.839,-28.5705,65.6129,231.839
189,5772436045824,-22.4506,68.4532,263.401,-22.4506,68.4532,263.401
190,5360119185408,-29.2689,67.2173,237.82,-29.2689,67.2173,237.82
191,3229815406592,-1.97124,-71.1927,289.082,-1.97124,-71.1927,289.082
192,4604204941312,15.3048,69.5208,345.889,15.3048,69.5208,345.889
193,4329327034368,-16.8184,70.5213,303.114,-16.8184,70.5213,303.114
194,6734508720128,-34.4982,63.3975,418.23,-34.4982,63.3975,418.23
195,5909874999296,17.0213,-70.4272,460.959,17.0213,-70.4272,460.959
196,6184752906240,-61.4525,38.8096,478.435,-61.4525,38.8096,478.435
197,6116033429504,-28.2069,-112.029,-419.252,-28.2069,-112.029,-419.252
198,6116033429504,-28.7096,-114.026,-426.497,-28.7096,-114.026,-426.497
199,6322191859712,14.4504,-114.528,-470.773,14.4504,-114.528,-470.773
200,6322191859712,14.6904,-116.43,-478.38,14.6904,-116.43,-478.38
201,824633720832,80.8168,83.2436,-484.548,80.8168,83.2436,-484.548
202,6116033429504,-28.0856,-111.547,-417.504,-28.0856,-111.547,-417.504
203,2130303778816,-25.0129,112.474,-393.146,-25.0129,112.474,-393.146
204,6390911336448,-21.0797,113.782,-354.185,-21.0797,113.782,-354.185
205,1992864825344,33.8074,-110.806,-239.264,33.8074,-110.806,-239.264
206,5703716569088,-44.0113,-107.084,-179.563,-44.0113,-107.084,-179.563
207,6597069766656,106.176,47.445,-167.058,106.176,47.445,-167.058
208,4466765987840,56.4078,101.079,-149.519,56.4078,101.079,-149.519
209,1786706395136,-27.801,112.068,-150.411,-27.801,112.068,-150.411
210,2336462209024,-14.6198,116.454,-139.893,-14.6198,116.454,-139.893
211,1786706395136,-28.2735,113.974,-152.752,-28.2735,113.974,-152.752
212,2680059592704,-76.2361,86.7899,-157.427,-76.2361,86.7899,-157.427
213,2680059592704,-77.587,88.3291,-159.991,-77.587,88.3291,-159.991
214,2405181685760,-114.224,-13.4626,-115.573,-114.224,-13.4626,-115.573
215,2405181685760,-116.238,-13.7018,-117.386,-116.238,-13.7018,-117.386
216,3779571220480,-60.9959,-98.5808,-80.4223,-60.9959,-98.5808,-80.4223
217,0,-12.655,-114.193,-78.6166,-12.655,-114.193,-78.6166
218,0,-12.8558,-116.007,-79.6623,-12.8558,-116.007,-79.6623
219,6253472382976,69.7061,-92.8612,-123.998,69.7061,-92.8612,-123.998
220,2954937499648,91.3552,-70.9726,-119.742,91.3552,-70.9726,-119.742
221,6528350289920,109.634,-39.7849,-128.887,109.634,-39.7849,-128.887
222,1649267441664,111.143,33.0968,-106.106,111.143,33.0968,-106.106
223,2336462209024,-14.3183,114.05,-137.269,-14.3183,114.05,-137.269
224,2336462209024,-14.557,115.953,-139.346,-14.557,115.953,-139.346
225,618475290624,-47.7288,105.411,-86.3491,-47.7288,105.411,-86.3491
226,3161095929856,-48.5615,104.886,-90.6194,-48.5615,104.886,-90.6194
227,5153960755200,-97.022,-63.1626,-6.41841,-97.022,-63.1626,-6.41841
228,1236950581248,111.255,-32.9415,-62.8231,111.255,-32.9415,-62.8231
229,6459630813184,110.539,-37.3226,-22.4774,110.539,-37.3226,-22.4774
230,5428838662144,115.723,-3.07618,-21.6799,115.723,-3.07618,-21.6799
231,5634997092352,116.323,5.61346,-8.5779,116.323,5.61346,-8.5779
232,1580547964928,83.4607,81.2528,-45.8247,83.4607,81.2528,-45.8247
233,5978594476032,61.1786,99.0411,-66.7269,61.1786,99.0411,-66.7269
234,3023656976384,-14.847,114.448,-2.15846,-14.847,114.448,-2.15846
235,3023656976384,-15.087,116.298,-1.98654,-15.087,116.298,-1.98654
236,4535485464576,-77.2642,85.7216,-37.9547,-77.2642,85.7216,-37.9547
237,4535485464576,-78.5096,87.1038,-38.3604,-78.5096,87.1038,-38.3604
238,1443109011456,-103.15,-51.3132,3.38377,-103.15,-51.3132,3.38377
239,2199023255552,27.6755,-111.587,45.8037,27.6755,-111.587,45.8037
240,2199023255552,28.1467,-113.486,46.8006,28.1467,-113.486,46.8006
241,274877906944,101.119,57.3513,59.4268,101.119,57.3513,59.4268
242,755914244096,15.4314,114.078,50.8419,15.4314,114.078,50.8419
243,1511828488192,-51.9308,102.76,66.33,-51.9308,102.76,66.33
244,3985729650688,-52.6005,102.337,13.7876,-52.6005,102.337,13.7876
245,3985729650688,-53.5614,104.207,14.2732,-53.5614,104.207,14.2732
246,5085241278464,-66.3215,-94.6186,131.085,-66.3215,-94.6186,131.085
247,5085241278464,-67.5203,-96.3319,133.689,-67.5203,-96.3319,133.689
248,137438953472,54.4594,-101.75,111.444,54.4594,-101.75,111.444
249,4123168604160,48.3274,-105.619,109.615,48.3274,-105.619,109.615
250,137438953472,55.3424,-103.394,113.454,55.3424,-103.394,113.454
251,1717986918400,58.0921,-101.154,89.4229,58.0921,-101.154,89.4229
252,412316860416,99.8472,-59.2916,95.4989,99.8472,-59.2916,95.4989
253,962072674304,111.959,-28.6383,89.4756,111.959,-28.6383,89.4756
254,962072674304,114.007,-29.1616,91.3465,114.007,-29.1616,91.3465
255,343597383680,-25.1627,112.945,112.07,-25.1627,112.945,112.07
256,4398046511104,-100.192,58.4839,129.531,-100.192,58.4839,129.531
257,4191888080896,-114.483,17.6219,127.447,-114.483,17.6219,127.447
258,2611340115968,-60.5712,-98.7622,144.65,-60.5712,-98.7622,144.65
259,4741643894784,35.755,110.795,278.176,35.755,110.795,278.176
260,6803228196864,-65.519,95.1018,229.691,-65.519,95.1018,229.691
261,6803228196864,-66.6528,96.7479,233.888,-66.6528,96.7479,233.888
262,687194767360,-79.8772,85.2876,275.215,-79.8772,85.2876,275.215
263,3092376453120,-79.5118,85.7729,264.702,-79.5118,85.7729,264.702
264,3367254360064,-115.537,-6.99987,285.796,-115.537,-6.99987,285.796
265,3642132267008,-98.6069,-60.4339,295.953,-98.6069,-60.4339,295.953
266,5841155522560,53.7633,-101.604,324.388,53.7633,-101.604,324.388
267,5841155522560,54.6654,-103.307,330.043,54.6654,-103.307,330.043
268,5222680231936,102.592,53.1243,354.351,102.592,53.1243,354.351
269,5222680231936,104.428,54.0745,360.919,104.428,54.0745,360.919
270,5360119185408,-46.4917,106.777,385.305,-46.4917,106.777,385.305
271,3229815406592,-3.18723,-115.236,475.852,-3.18723,-115.236,475.852
272,4329327034368,-26.6865,111.917,488.532,-26.6865,111.917,488.532
273,5772436045824,-35.9968,109.77,430.091,-35.9968,109.77,430.091
274,1992864825344,50.3237,-164.936,-349.901,50.3237,-164.936,-349.901
275,1992864825344,50.4702,-165.416,-350.883,50.4702,-165.416,-350.883
276,5703716569088,-65.1801,-158.582,-259.774,-65.1801,-158.582,-259.774
277,6597069766656,157.382,70.2697,-241.421,157.382,70.2697,-241.421
278,4466765987840,84.0335,150.569,-216.463,84.0335,150.569,-216.463
279,1786706395136,-41.3358,166.666,-217.453,-41.3358,166.666,-217.453
280,2680059592704,-113.395,129.139,-227.969,-113.395,129.139,-227.969
281,2405181685760,-171.132,-20.2445,-166.793,-171.132,-20.2445,-166.793
282,6253472382976,103.415,-137.766,-177.776,103.415,-137.766,-177.776
283,2954937499648,135.606,-105.339,-171.54,135.606,-105.339,-171.54
284,6528350289920,161.607,-58.6475,-183.921,161.607,-58.6475,-183.921
285,1649267441664,164.888,49.1726,-151.243,164.888,49.1726,-151.243
286,2336462209024,-21.3364,170.015,-198.348,-21.3364,170.015,-198.348
287,2336462209024,-21.5728,171.901,-200.406,-21.5728,171.901,-200.406
288,3779571220480,-90.2505,-145.858,-112.86,-90.2505,-145.858,-112.86
289,0,-18.9986,-171.501,-111.653,-18.9986,-171.501,-111.653
290,1236950581248,164.825,-48.7913,-86.9112,164.825,-48.7913,-86.9112
291,5978594476032,90.1674,145.896,-92.2521,90.1674,145.896,-92.2521
292,618475290624,-70.6359,156.006,-121.654,-70.6359,156.006,-121.654
293,3161095929856,-71.9223,155.231,-127.991,-71.9223,155.231,-127.991
294,5153960755200,-144.955,-94.3785,-3.26954,-144.955,-94.3785,-3.26954
295,6459630813184,162.086,-56.5305,-27.0441,162.086,-56.5305,-27.0441
296,5428838662144,171.875,-4.57982,-25.9928,171.875,-4.57982,-25.9928
297,5634997092352,171.863,8.2934,-6.56652,171.863,8.2934,-6.56652
298,1580547964928,123.257,120.084,-61.5918,123.257,120.084,-61.5918
299,4535485464576,-115.182,127.806,-50.3067,-115.182,127.806,-50.3067
300,1443109011456,-153.412,-76.2906,11.2643,-153.412,-76.2906,11.2643
301,3023656976384,-21.971,169.366,2.94329,-21.971,169.366,2.94329
302,3023656976384,-22.2071,171.185,3.11234,-22.2071,171.185,3.11234
303,3985729650688,-78.6113,152.943,26.9306,-78.6113,152.943,26.9306
304,2199023255552,41.4715,-167.145,74.9799,41.4715,-167.145,74.9799
305,1717986918400,85.384,-148.684,137.45,85.384,-148.684,137.45
306,1717986918400,86.3757,-150.411,139.195,86.3757,-150.411,139.195
307,962072674304,166.225,-42.4954,139.036,166.225,-42.4954,139.036
308,274877906944,149.993,85.0766,94.3304,149.993,85.0766,94.3304
309,755914244096,23.0189,170.117,82.0987,23.0189,170.117,82.0987
310,1511828488192,-77.8561,154.096,105.851,-77.8561,154.096,105.851
311,5085241278464,-98.1216,-140.095,200.188,-98.1216,-140.095,200.188
312,5085241278464,-99.2961,-141.776,202.741,-99.2961,-141.776,202.741
313,4123168604160,71.2088,-155.661,167.605,71.2088,-155.661,167.605
314,137438953472,81.0428,-151.195,171.878,81.0428,-151.195,171.878
315,412316860416,147.945,-87.8443,147.658,147.945,-87.8443,147.658
316,343597383680,-37.4883,168.21,173.165,-37.4883,168.21,173.165
317,4398046511104,-148.431,86.6415,198.055,-148.431,86.6415,198.055
318,4191888080896,-168.794,25.9811,193.979,-168.794,25.9811,193.979
319,4191888080896,-170.604,26.2597,196.197,-170.604,26.2597,196.197
320,2611340115968,-89.8915,-146.563,220.86,-89.8915,-146.563,220.86
321,6803228196864,-96.97,140.768,346.114,-96.97,140.768,346.114
322,6803228196864,-98.085,142.387,350.242,-98.085,142.387,350.242
323,4741643894784,52.8286,163.702,417.108,52.8286,163.702,417.108
324,6803228196864,-98.3705,142.801,351.299,-98.3705,142.801,351.299
325,687194767360,-117.334,125.28,410.269,-117.334,125.28,410.269
326,3092376453120,-116.754,125.961,394.7,-116.754,125.961,394.7
327,3367254360064,-170.984,-10.3532,429.101,-170.984,-10.3532,429.101
328,3642132267008,-145.945,-89.4497,444.19,-145.945,-89.4497,444.19
329,5841155522560,80.3038,-151.726,490.752,80.3038,-151.726,490.752
330,6322191859712,32.9943,-261.587,-1058.86,32.9943,-261.587,-1058.86
331,824633720832,180.763,186.228,-1068.03,180.763,186.228,-1068.03
332,6116033429504,-63.0187,-250.273,-920.864,-63.0187,-250.273,-920.864
333,2130303778816,-56.6318,254.654,-873.942,-56.6318,254.654,-873.942
334,6390911336448,-47.3419,255.451,-779.24,-47.3419,255.451,-779.24
335,6390911336448,-46.7983,252.52,-770.447,-46.7983,252.52,-770.447
336,1992864825344,76.271,-249.991,-523.745,76.271,-249.991,-523.745
337,5703716569088,-99.4618,-241.962,-389.647,-99.4618,-241.962,-389.647
338,6597069766656,239.888,106.966,-361.193,239.888,106.966,-361.193
339,6253472382976,154.025,-205.192,-258.521,154.025,-205.192,-258.521
340,6528350289920,244.881,-88.8793,-272.103,244.881,-88.8793,-272.103
341,6597069766656,237.135,105.743,-357.197,237.135,105.743,-357.197
342,4466765987840,126.874,227.304,-320.263,126.874,227.304,-320.263
343,2336462209024,-32.4368,258.573,-294.997,-32.4368,258.573,-294.997
344,1786706395136,-62.2836,251.191,-321.242,-62.2836,251.191,-321.242
345,2680059592704,-170.877,194.701,-337.14,-170.877,194.701,-337.14
346,2405181685760,-261.452,-31.1132,-248.096,-261.452,-31.1132,-248.096
347,3779571220480,-137.512,-222.226,-165.26,-137.512,-222.226,-165.26
348,0,-28.6573,-258.8,-161.979,-28.6573,-258.8,-161.979
349,2954937499648,208.21,-161.718,-256.522,208.21,-161.718,-256.522
350,1649267441664,253.023,75.6321,-225.283,253.023,75.6321,-225.283
351,618475290624,-108.452,239.52,-179.931,-108.452,239.52,-179.931
352,3161095929856,-110.841,238.928,-190.143,-110.841,238.928,-190.143
353,1236950581248,246.27,-72.8791,-123.532,246.27,-72.8791,-123.532
354,1580547964928,187.327,182.721,-87.0004,187.327,182.721,-87.0004
355,1580547964928,183.295,178.775,-85.4008,183.295,178.775,-85.4008
356,5978594476032,135.894,219.71,-132.479,135.894,219.71,-132.479
357,4535485464576,-173.802,192.879,-69.4045,-173.802,192.879,-69.4045
358,1443109011456,-237.184,-117.884,24.3967,-237.184,-117.884,24.3967
359,1443109011456,-231.979,-115.301,23.5808,-231.979,-115.301,23.5808
360,5153960755200,-220.127,-143.35,1.66932,-220.127,-143.35,1.66932
361,6459630813184,247.163,-90.8382,-34.6597,247.163,-90.8382,-34.6597
362,5428838662144,263.824,-7.06219,-33.0552,263.824,-7.06219,-33.0552
363,5634997092352,260.123,12.5481,-3.37015,260.123,12.5481,-3.37015
364,3023656976384,-33.9489,261.655,11.5169,-33.9489,261.655,11.5169
365,3985729650688,-121.463,236.299,48.5796,-121.463,236.299,48.5796
366,3985729650688,-118.539,230.611,47.1024,-118.539,230.611,47.1024
367,2199023255552,62.3556,-251.185,119.116,62.3556,-251.185,119.116
368,274877906944,223.829,126.968,147.063,223.829,126.968,147.063
369,755914244096,34.4364,254.411,129.116,34.4364,254.411,129.116
370,1717986918400,129.704,-225.893,215.46,129.704,-225.893,215.46
371,412316860416,225.356,-133.794,231.602,225.356,-133.794,231.602
372,962072674304,252.838,-64.586,218.132,252.838,-64.586,218.132
373,1511828488192,-119.587,236.763,169.485,-119.587,236.763,169.485
374,1511828488192,-116.843,231.327,165.301,-116.843,231.327,165.301
375,2611340115968,-135.15,-220.336,338.484,-135.15,-220.336,338.484
376,5085241278464,-147.101,-210.275,306.76,-147.101,-210.275,306.76
377,4123168604160,108.16,-236.536,261.313,108.16,-236.536,261.313
378,137438953472,121.481,-226.148,263.559,121.481,-226.148,263.559
379,343597383680,-56.136,251.719,265.49,-56.136,251.719,265.49
380,4398046511104,-224.03,130.763,305.442,-224.03,130.763,305.442
381,4191888080896,-259.634,39.9566,305.261,-259.634,39.9566,305.261
382,4191888080896,-253.351,38.9902,297.565,-253.351,38.9902,297.565
383,6803228196864,-148.039,214.926,535.17,-148.039,214.926,535.17
384,3367254360064,-260.353,-15.7535,660.076,-260.353,-15.7535,660.076
385,4741643894784,81.5629,252.757,650.962,81.5629,252.757,650.962
386,4741643894784,79.6199,246.735,635.147,79.6199,246.735,635.147
387,687194767360,-180.2,192.39,636.916,-180.2,192.39,636.916
388,3092376453120,-178.998,193.139,611.988,-178.998,193.139,611.988
389,3642132267008,-220.397,-135.091,677.34,-220.397,-135.091,677.34
390,5841155522560,120.047,-226.754,739.796,120.047,-226.754,739.796
391,5222680231936,236.107,122.235,832.075,236.107,122.235,832.075
392,5222680231936,230.316,119.238,811.353,230.316,119.238,811.353
393,5360119185408,-103.504,237.689,873.386,-103.504,237.689,873.386
394,5772436045824,-79.864,243.542,969.792,-79.864,243.542,969.792
395,5772436045824,-82.7726,252.41,1005.57,-82.7726,252.41,1005.57
396,5772436045824,-80.791,246.368,981.195,-80.791,246.368,981.195
397,6390911336448,-66.0546,356.292,-1081.81,-66.0546,356.292,-1081.81
398,1992864825344,104.867,-343.751,-715.379,104.867,-343.751,-715.379
399,5703716569088,-136.371,-331.706,-529.439,-136.371,-331.706,-529.439
400,6597069766656,328.918,146.453,-490.378,328.918,146.453,-490.378
401,2680059592704,-236.082,269.146,-461.05,-236.082,269.146,-461.05
402,6253472382976,217.969,-290.398,-360.552,217.969,-290.398,-360.552
403,6528350289920,342.442,-124.313,-375.42,342.442,-124.313,-375.42
404,4466765987840,176.094,315.449,-439.502,176.094,315.449,-439.502
405,2336462209024,-44.7276,356.682,-402.068,-44.7276,356.682,-402.068
406,1786706395136,-86.5505,349.147,-441.518,-86.5505,349.147,-441.518
407,2680059592704,-238.056,271.4,-464.801,-238.056,271.4,-464.801
408,2405181685760,-360.105,-43.1326,-336.916,-360.105,-43.1326,-336.916
409,2405181685760,-353.759,-42.3547,-331.201,-353.759,-42.3547,-331.201
410,6253472382976,216.16,-287.988,-357.666,216.16,-287.988,-357.666
411,2954937499648,281.566,-218.67,-342.378,281.566,-218.67,-342.378
412,1649267441664,343.987,103.069,-301.731,343.987,103.069,-301.731
413,3161095929856,-152.143,327.509,-255.954,-152.143,327.509,-255.954
414,3779571220480,-192.442,-310.971,-226.155,-192.442,-310.971,-226.155
415,3779571220480,-189.053,-305.497,-222.398,-189.053,-305.497,-222.398
416,0,-40.19,-363.102,-222.105,-40.19,-363.102,-222.105
417,0,-39.5055,-356.91,-218.535,-39.5055,-356.91,-218.535
418,1236950581248,346.284,-102.444,-168.501,346.284,-102.444,-168.501
419,5978594476032,192.495,310.92,-182.209,192.495,310.92,-182.209
420,5978594476032,189.103,305.459,-179.231,189.103,305.459,-179.231
421,618475290624,-149.935,331.112,-243.847,-149.935,331.112,-243.847
422,3161095929856,-153.422,330.248,-257.989,-153.422,330.248,-257.989
423,1580547964928,258.452,252.431,-115.242,258.452,252.431,-115.242
424,4535485464576,-240.115,266.508,-91.0111,-240.115,266.508,-91.0111
425,1443109011456,-321.933,-159.916,37.6792,-321.933,-159.916,37.6792
426,5153960755200,-301.338,-196.276,7.00549,-301.338,-196.276,7.00549
427,6459630813184,338.233,-131.292,-42.9326,338.233,-131.292,-42.9326
428,5428838662144,363.126,-9.77113,-40.6825,363.126,-9.77113,-40.6825
429,5634997092352,360.66,17.3883,0.270787,360.66,17.3883,0.270787
430,3023656976384,-46.2862,356.653,20.3421,-46.2862,356.653,20.3421
431,3985729650688,-163.237,317.539,69.6804,-163.237,317.539,69.6804
432,2199023255552,86.7167,-349.125,170.555,86.7167,-349.125,170.555
433,274877906944,314.975,178.691,212.161,314.975,178.691,212.161
434,755914244096,48.7825,360.271,188.163,48.7825,360.271,188.163
435,1511828488192,-162.142,321.108,234.405,-162.142,321.108,234.405
436,1717986918400,178.949,-311.716,302.165,178.949,-311.716,302.165
437,412316860416,306.988,-182.242,320.12,306.988,-182.242,320.12
438,962072674304,349.143,-89.1104,306.072,349.143,-89.1104,306.072
439,5085241278464,-207.255,-296.691,437.875,-207.255,-296.691,437.875
440,4123168604160,151.185,-330.802,370.517,151.185,-330.802,370.517
441,137438953472,171.145,-317.772,375.751,171.145,-317.772,375.751
442,343597383680,-79.4711,356.046,380.84,-79.4711,356.046,380.84
443,343597383680,-78.1727,350.246,374.427,-78.1727,350.246,374.427
444,4398046511104,-311.199,181.628,429.259,-311.199,181.628,429.259
445,4191888080896,-358.186,55.1097,425.988,-358.186,55.1097,425.988
446,2611340115968,-186.374,-303.814,471.589,-186.374,-303.814,471.589
447,6803228196864,-202.937,294.656,738.422,-202.937,294.656,738.422
448,3092376453120,-246.427,265.924,847.395,-246.427,265.924,847.395
449,3367254360064,-358.082,-21.6529,912.658,-358.082,-21.6529,912.658
450,3642132267008,-308.053,-188.834,951.85,-308.053,-188.834,951.85
451,4741643894784,109.618,339.725,879.33,109.618,339.725,879.33
452,687194767360,-246.025,262.642,874.2,-246.025,262.642,874.2
453,5841155522560,168.754,-318.658,1044.9,168.754,-318.658,1044.9
454,1992864825344,145.785,-477.956,-989.668,145.785,-477.956,-989.668
455,5703716569088,-189.961,-461.962,-732.345,-189.961,-461.962,-732.345
456,6597069766656,453.983,201.731,-671.746,453.983,201.731,-671.746
457,4466765987840,243.602,436.315,-603.016,243.602,436.315,-603.016
458,1786706395136,-120.652,486.869,-610.619,-120.652,486.869,-610.619
459,2680059592704,-330.293,376.845,-640.208,-330.293,376.845,-640.208
460,6253472382976,299.204,-398.666,-490.189,299.204,-398.666,-490.189
461,2954937499648,395.314,-306.964,-475.5,395.314,-306.964,-475.5
462,6528350289920,469.619,-170.525,-510.106,469.619,-170.525,-510.106
463,2336462209024,-62.4739,498.439,-556.772,-62.4739,498.439,-556.772
464,2336462209024,-61.6991,492.247,-550.015,-61.6991,492.247,-550.015
465,2405181685760,-497.835,-60.1712,-460.946,-497.835,-60.1712,-460.946
466,1649267441664,481.02,144.645,-416.952,481.02,144.645,-416.952
467,3779571220480,-262.742,-424.523,-304.077,-262.742,-424.523,-304.077
468,0,-54.5953,-493.484,-297.265,-54.5953,-493.484,-297.265
469,618475290624,-206.404,455.766,-330.839,-206.404,455.766,-330.839
470,3161095929856,-211.527,454.443,-350.315,-211.527,454.443,-350.315
471,3161095929856,-209.079,449.22,-346.431,-209.079,449.22,-346.431
472,1236950581248,480.515,-142.096,-228.851,480.515,-142.096,-228.851
473,1580547964928,358.96,351.254,-155.212,358.96,351.254,-155.212
474,5978594476032,264.59,426.847,-245.454,264.59,426.847,-245.454
475,6459630813184,458.215,-190.795,-54.0516,458.215,-190.795,-54.0516
476,5428838662144,499.355,-13.5348,-51.1462,499.355,-13.5348,-51.1462
477,1580547964928,356.818,349.145,-154.36,356.818,349.145,-154.36
478,4535485464576,-334.072,370.861,-121.63,-334.072,370.861,-121.63
479,5153960755200,-418.643,-272.765,14.7145,-418.643,-272.765,14.7145
480,5428838662144,502.36,-13.6184,-51.377,502.36,-13.6184,-51.377
481,5634997092352,501.53,24.1593,5.37239,501.53,24.1593,5.37239
482,3023656976384,-64.2914,495.185,33.2118,-64.2914,495.185,33.2118
483,1443109011456,-447.791,-222.25,57.3993,-447.791,-222.25,57.3993
484,3985729650688,-227.658,442.787,102.213,-227.658,442.787,102.213
485,2199023255552,121.012,-486.836,242.887,121.012,-486.836,242.887
486,274877906944,433.092,245.734,296.526,433.092,245.734,296.526
487,755914244096,67.2081,496.147,263.953,67.2081,496.147,263.953
488,1511828488192,-224.114,444.014,328.993,-224.114,444.014,328.993
489,1717986918400,251.236,-437.762,429.49,251.236,-437.762,429.49
490,1717986918400,248.249,-432.553,424.228,248.249,-432.553,424.228
491,412316860416,430.496,-255.531,454.042,430.496,-255.531,454.042
492,962072674304,488.602,-124.552,433.4,488.602,-124.552,433.4
493,4123168604160,207.963,-455.364,514.784,207.963,-455.364,514.784
494,137438953472,237.463,-439.392,524.877,237.463,-439.392,524.877
495,343597383680,-108.378,485.018,523.453,-108.378,485.018,523.453
496,5085241278464,-288.55,-413.874,615.478,-288.55,-413.874,615.478
497,2611340115968,-262.827,-428.374,670.214,-262.827,-428.374,670.214
498,5085241278464,-285.181,-409.009,608.109,-285.181,-409.009,608.109
499,4398046511104,-432.844,252.589,602.032,-432.844,252.589,602.032
500,4191888080896,-493.551,75.9083,591.809,-493.551,75.9083,591.809
501,6803228196864,-286.349,415.818,1047.28,-286.349,415.818,1047.28
502,6803228196864,-282.909,410.82,1034.54,-282.909,410.82,1034.54
503,5703716569088,-249.758,-607.237,-958.663,-249.758,-607.237,-958.663
504,6597069766656,603.628,267.576,-888.602,603.628,267.576,-888.602
505,4466765987840,321.756,576.196,-792.268,321.756,576.196,-792.268
506,1786706395136,-158.98,641.75,-800.78,-158.98,641.75,-800.78
507,2680059592704,-434.579,496.254,-838.708,-434.579,496.254,-838.708
508,6528350289920,618.065,-224.5,-667.33,618.065,-224.5,-667.33
509,2336462209024,-81.873,653.534,-726.032,-81.873,653.534,-726.032
510,2405181685760,-659.806,-80.594,-606.848,-659.806,-80.594,-606.848
511,2405181685760,-653.758,-79.8239,-601.4,-653.758,-79.8239,-601.4
512,6253472382976,398.868,-531.53,-649.263,398.868,-531.53,-649.263
513,6253472382976,395.247,-526.703,-643.483,395.247,-526.703,-643.483
514,2954937499648,521.501,-404.886,-623.163,521.501,-404.886,-623.163
515,6528350289920,620.881,-225.524,-670.312,620.881,-225.524,-670.312
516,1649267441664,632.008,190.797,-543.986,632.008,190.797,-543.986
517,3779571220480,-348.169,-562.475,-398.748,-348.169,-562.475,-398.748
518,0,-72.8484,-658.852,-392.591,-72.8484,-658.852,-392.591
519,618475290624,-272.688,602.045,-432.927,-272.688,602.045,-432.927
520,3161095929856,-279.897,599.963,-458.576,-279.897,599.963,-458.576
521,1236950581248,630.551,-186.382,-296.303,630.551,-186.382,-296.303
522,5978594476032,347.229,559.381,-317.812,347.229,559.381,-317.812
523,1580547964928,472.715,463.551,-200.541,472.715,463.551,-200.541
524,4535485464576,-442.291,491.099,-156.904,-442.291,491.099,-156.904
525,6459630813184,598.316,-269.874,-67.4087,598.316,-269.874,-67.4087
526,5428838662144,658.603,-18.0039,-63.3782,658.603,-18.0039,-63.3782
527,4535485464576,-440.287,488.871,-156.25,-440.287,488.871,-156.25
528,5153960755200,-553.564,-360.796,23.5829,-553.564,-360.796,23.5829
529,5634997092352,662.565,31.8836,11.2042,662.565,31.8836,11.2042
530,3023656976384,-85.2914,656.593,48.207,-85.2914,656.593,48.207
531,1443109011456,-589.806,-292.462,79.6432,-589.806,-292.462,79.6432
532,3985729650688,-300.383,584.126,138.929,-300.383,584.126,138.929
533,2199023255552,158.908,-638.777,322.7,158.908,-638.777,322.7
534,755914244096,88.2842,651.446,350.578,88.2842,651.446,350.578
535,274877906944,574.688,326.128,397.669,574.688,326.128,397.669
536,1511828488192,-296.914,588.513,440.18,-296.914,588.513,440.18
537,1717986918400,329.221,-573.833,566.919,329.221,-573.833,566.919
538,1717986918400,326.229,-568.61,561.644,326.229,-568.61,561.644
539,962072674304,635.269,-161.735,567.29,635.269,-161.735,567.29
540,1717986918400,330.72,-576.448,569.559,330.72,-576.448,569.559
541,1717986918400,327.714,-571.202,564.261,327.714,-571.202,564.261
542,412316860416,567.864,-337.029,602.985,567.864,-337.029,602.985
543,962072674304,644.022,-163.951,575.279,644.022,-163.951,575.279
544,962072674304,638.165,-162.468,569.933,638.165,-162.468,569.933
545,4123168604160,273.239,-598.799,680.865,273.239,-598.799,680.865
546,137438953472,314.247,-579.178,696.565,314.247,-579.178,696.565
547,343597383680,-144.655,646.464,701.997,-144.655,646.464,701.997
548,343597383680,-143.265,640.289,695.167,-143.265,640.289,695.167
549,5085241278464,-378.253,-543.709,811.993,-378.253,-543.709,811.993
550,4398046511104,-570.969,333.139,798.196,-570.969,333.139,798.196
551,4191888080896,-653.965,100.533,788.31,-653.965,100.533,788.31
552,2611340115968,-344.625,-561.593,882.669,-344.625,-561.593,882.669
553,4466765987840,399.881,715.979,-981.403,399.881,715.979,-981.403
554,1786706395136,-197.694,798.294,-992.977,-197.694,798.294,-992.977
555,2680059592704,-541.961,619.419,-1043.3,-541.961,619.419,-1043.3
556,4466765987840,398.419,713.365,-977.866,398.419,713.365,-977.866
557,2336462209024,-101.6,811.398,-898.309,-101.6,811.398,-898.309
558,6253472382976,492.26,-656.067,-798.352,492.26,-656.067,-798.352
559,2954937499648,648.388,-503.324,-771.63,648.388,-503.324,-771.63
560,6528350289920,771.183,-280.211,-829.514,771.183,-280.211,-829.514
561,2405181685760,-811.369,-100.082,-743.418,-811.369,-100.082,-743.418
562,2954937499648,646.019,-501.486,-768.859,646.019,-501.486,-768.859
563,1649267441664,784.075,237.641,-672.014,784.075,237.641,-672.014
564,3161095929856,-347.561,743.329,-565.323,-347.561,743.329,-565.323
565,3779571220480,-430.544,-695.462,-490.02,-430.544,-695.462,-490.02
566,0,-90.2084,-816.295,-483.349,-90.2084,-816.295,-483.349
567,618475290624,-336.805,743.498,-531.651,-336.805,743.498,-531.651
568,3161095929856,-346.279,740.618,-563.304,-346.279,740.618,-563.304
569,1236950581248,787.918,-232.79,-367.046,787.918,-232.79,-367.046
570,5978594476032,433.296,697.023,-393.018,433.296,697.023,-393.018
571,1580547964928,587.568,577.417,-246.403,587.568,577.417,-246.403
572,4535485464576,-552.076,613.122,-192.695,-552.076,613.122,-192.695
573,4535485464576,-547.725,608.286,-191.276,-547.725,608.286,-191.276
574,6459630813184,734.982,-357.964,-80.9085,734.982,-357.964,-80.9085
575,5428838662144,818.019,-22.5527,-75.6231,818.019,-22.5527,-75.6231
576,5153960755200,-691.348,-450.759,32.6415,-691.348,-450.759,32.6415
577,5153960755200,-685.833,-447.157,32.2789,-685.833,-447.157,32.2789
578,5634997092352,823.469,39.5847,17.0313,823.469,39.5847,17.0313
579,1443109011456,-735.173,-364.196,102.404,-735.173,-364.196,102.404
580,3023656976384,-105.463,811.471,62.5958,-105.463,811.471,62.5958
581,3985729650688,-374.572,728.254,176.372,-374.572,728.254,176.372
582,2199023255552,198.735,-798.205,406.454,198.735,-798.205,406.454
583,755914244096,110.307,813.583,441.019,110.307,813.583,441.019
584,274877906944,713.992,405.246,497.183,713.992,405.246,497.183
585,1511828488192,-369.869,733.448,551.683,-369.869,733.448,551.683
586,1717986918400,408.765,-712.718,707.165,408.765,-712.718,707.165
587,1717986918400,405.609,-707.205,701.599,405.609,-707.205,701.599
588,412316860416,705.475,-418.651,752.181,705.475,-418.651,752.181
589,962072674304,791.734,-201.299,710.102,791.734,-201.299,710.102
590,4123168604160,339.951,-745.642,850.843,339.951,-745.642,850.843
591,137438953472,393.072,-721.555,871.757,393.072,-721.555,871.757
592,343597383680,-179.223,799.879,871.681,-179.223,799.879,871.681
593,4191888080896,-806.564,123.936,975.233,-806.564,123.936,975.233
594,5085241278464,-468.135,-674.37,1009.48,-468.135,-674.37,1009.48
595,4398046511104,-712.086,415.404,998.592,-712.086,415.404,998.592
596,4191888080896,-809.52,124.39,978.855,-809.52,124.39,978.855
597,6253472382976,613.274,-817.486,-991.573,613.274,-817.486,-991.573
598,6528350289920,960.437,-349.122,-1029.99,960.437,-349.122,-1029.99
599,2405181685760,-1014.08,-126.718,-926.139,-1014.08,-126.718,-926.139
600,2405181685760,-1007.75,-125.876,-920.432,-1007.75,-125.876,-920.432
601,2954937499648,807.486,-626.709,-957.763,807.486,-626.709,-957.763
602,2954937499648,802.407,-622.771,-951.822,802.407,-622.771,-951.822
603,1649267441664,975.161,297.02,-833.016,975.161,297.02,-833.016
604,3161095929856,-432.684,922.785,-699.064,-432.684,922.785,-699.064
605,3779571220480,-538.056,-868.977,-609.116,-538.056,-868.977,-609.116
606,0,-112.019,-1014.33,-597.504,-112.019,-1014.33,-597.504
607,618475290624,-421.042,929.274,-661.319,-421.042,929.274,-661.319
608,5978594476032,538.482,864.707,-484.722,538.482,864.707,-484.722
609,1236950581248,983.344,-290.364,-454.89,983.344,-290.364,-454.89
610,1236950581248,977.124,-288.532,-452.094,977.124,-288.532,-452.094
611,1580547964928,727.023,716.333,-302.221,727.023,716.333,-302.221
612,4535485464576,-684.456,760.324,-235.863,-684.456,760.324,-235.863
613,6459630813184,896.887,-478.163,-97.6518,896.887,-478.163,-97.6518
614,5428838662144,1017.03,-28.3367,-90.9094,1017.03,-28.3367,-90.9094
615,5153960755200,-858.333,-559.874,43.6224,-858.333,-559.874,43.6224
616,5153960755200,-853.016,-556.398,43.2727,-853.016,-556.398,43.2727
617,5634997092352,1018.27,48.8854,24.0857,1018.27,48.8854,24.0857
618,1443109011456,-910.788,-450.673,129.889,-910.788,-450.673,129.889
619,3023656976384,-131.061,1007.78,80.8336,-131.061,1007.78,80.8336
620,3985729650688,-467.298,908.31,223.153,-467.298,908.31,223.153
621,2199023255552,246.97,-990.942,507.718,246.97,-990.942,507.718
622,755914244096,137.122,1010.81,551.034,137.122,1010.81,551.034
623,274877906944,888.286,504.271,621.703,888.286,504.271,621.703
624,1511828488192,-457.833,908.372,686.23,-457.833,908.372,686.23
625,1717986918400,506.855,-884.115,880.212,506.855,-884.115,880.212
626,412316860416,879.135,-521.63,940.45,879.135,-521.63,940.45
627,412316860416,873.589,-518.341,934.437,873.589,-518.341,934.437
628,962072674304,990.409,-251.383,891.407,990.409,-251.383,891.407
629,962072674304,984.258,-249.835,885.794,984.258,-249.835,885.794
630,4123168604160,422.959,-928.714,1062.69,422.959,-928.714,1062.69